
<builds>
    <build>
        <action>
            <cause>
                <shortDescription>A timer trigger started this job</shortDescription>
            </cause>
        </action>
        <building>false</building>
        <duration>16735484</duration>
        <fullDisplayName>FindBugs #71</fullDisplayName>
        <keepLog>false</keepLog>
        <number>71</number>
        <result>SUCCESS</result>
        <timestamp>1236218515000</timestamp>
        <url>http://deadlock.netbeans.org/hudson/job/FindBugs/71/</url>
        <builtOn/>
    </build>
    <build>
        <action>
            <cause>
                <shortDescription>A timer trigger started this job</shortDescription>
            </cause>
        </action>
        <building>false</building>
        <duration>13688065</duration>
        <fullDisplayName>FindBugs #70</fullDisplayName>
        <keepLog>false</keepLog>
        <number>70</number>
        <result>FAILURE</result>
        <timestamp>1236133314000</timestamp>
        <url>http://deadlock.netbeans.org/hudson/job/FindBugs/70/</url>
        <builtOn/>
    </build>
    <build>
        <action>
            <cause>
                <shortDescription>A timer trigger started this job</shortDescription>
            </cause>
        </action>
        <building>false</building>
        <duration>15550451</duration>
        <fullDisplayName>FindBugs #69</fullDisplayName>
        <keepLog>false</keepLog>
        <number>69</number>
        <result>SUCCESS</result>
        <timestamp>1236045690000</timestamp>
        <url>http://deadlock.netbeans.org/hudson/job/FindBugs/69/</url>
        <builtOn/>
    </build>
    <build>
        <action>
            <cause>
                <shortDescription>A timer trigger started this job</shortDescription>
            </cause>
        </action>
        <building>false</building>
        <duration>15894169</duration>
        <fullDisplayName>FindBugs #68</fullDisplayName>
        <keepLog>false</keepLog>
        <number>68</number>
        <result>SUCCESS</result>
        <timestamp>1235959290000</timestamp>
        <url>http://deadlock.netbeans.org/hudson/job/FindBugs/68/</url>
        <builtOn/>
    </build>
    <build>
        <action>
            <cause>
                <shortDescription>A timer trigger started this job</shortDescription>
            </cause>
        </action>
        <building>false</building>
        <duration>14715993</duration>
        <fullDisplayName>FindBugs #67</fullDisplayName>
        <keepLog>false</keepLog>
        <number>67</number>
        <result>SUCCESS</result>
        <timestamp>1235872890000</timestamp>
        <url>http://deadlock.netbeans.org/hudson/job/FindBugs/67/</url>
        <builtOn/>
    </build>
    <build>
        <action>
            <cause>
                <shortDescription>A timer trigger started this job</shortDescription>
            </cause>
        </action>
        <building>false</building>
        <duration>15663152</duration>
        <fullDisplayName>FindBugs #66</fullDisplayName>
        <keepLog>false</keepLog>
        <number>66</number>
        <result>SUCCESS</result>
        <timestamp>1235786490000</timestamp>
        <url>http://deadlock.netbeans.org/hudson/job/FindBugs/66/</url>
        <builtOn/>
    </build>
    <build>
        <action>
            <cause>
                <shortDescription>A timer trigger started this job</shortDescription>
            </cause>
        </action>
        <building>false</building>
        <duration>16458795</duration>
        <fullDisplayName>FindBugs #65</fullDisplayName>
        <keepLog>false</keepLog>
        <number>65</number>
        <result>SUCCESS</result>
        <timestamp>1235700104000</timestamp>
        <url>http://deadlock.netbeans.org/hudson/job/FindBugs/65/</url>
        <builtOn/>
    </build>
    <build>
        <action>
            <cause>
                <shortDescription>A timer trigger started this job</shortDescription>
            </cause>
        </action>
        <building>false</building>
        <duration>15878106</duration>
        <fullDisplayName>FindBugs #64</fullDisplayName>
        <keepLog>false</keepLog>
        <number>64</number>
        <result>SUCCESS</result>
        <timestamp>1235613683000</timestamp>
        <url>http://deadlock.netbeans.org/hudson/job/FindBugs/64/</url>
        <builtOn/>
    </build>
    <build>
        <action>
            <cause>
                <shortDescription>A timer trigger started this job</shortDescription>
            </cause>
        </action>
        <building>false</building>
        <duration>13618976</duration>
        <fullDisplayName>FindBugs #63</fullDisplayName>
        <keepLog>false</keepLog>
        <number>63</number>
        <result>FAILURE</result>
        <timestamp>1235527271000</timestamp>
        <url>http://deadlock.netbeans.org/hudson/job/FindBugs/63/</url>
        <builtOn/>
    </build>
    <build>
        <action>
            <cause>
                <shortDescription>A timer trigger started this job</shortDescription>
            </cause>
        </action>
        <building>false</building>
        <duration>14256197</duration>
        <fullDisplayName>FindBugs #62</fullDisplayName>
        <keepLog>false</keepLog>
        <number>62</number>
        <result>SUCCESS</result>
        <timestamp>1235440871000</timestamp>
        <url>http://deadlock.netbeans.org/hudson/job/FindBugs/62/</url>
        <builtOn/>
    </build>
    <build>
        <action>
            <cause>
                <shortDescription>A timer trigger started this job</shortDescription>
            </cause>
        </action>
        <building>false</building>
        <duration>15863261</duration>
        <fullDisplayName>FindBugs #61</fullDisplayName>
        <keepLog>false</keepLog>
        <number>61</number>
        <result>SUCCESS</result>
        <timestamp>1235354463000</timestamp>
        <url>http://deadlock.netbeans.org/hudson/job/FindBugs/61/</url>
        <builtOn/>
    </build>
    <build>
        <action>
            <cause>
                <shortDescription>A timer trigger started this job</shortDescription>
            </cause>
        </action>
        <building>false</building>
        <duration>15409915</duration>
        <fullDisplayName>FindBugs #60</fullDisplayName>
        <keepLog>false</keepLog>
        <number>60</number>
        <result>SUCCESS</result>
        <timestamp>1235268060000</timestamp>
        <url>http://deadlock.netbeans.org/hudson/job/FindBugs/60/</url>
        <builtOn/>
    </build>
    <build>
        <action>
            <cause>
                <shortDescription>A timer trigger started this job</shortDescription>
            </cause>
        </action>
        <building>false</building>
        <duration>15925196</duration>
        <fullDisplayName>FindBugs #59</fullDisplayName>
        <keepLog>false</keepLog>
        <number>59</number>
        <result>SUCCESS</result>
        <timestamp>1235181670000</timestamp>
        <url>http://deadlock.netbeans.org/hudson/job/FindBugs/59/</url>
        <builtOn/>
    </build>
    <build>
        <action>
            <cause>
                <shortDescription>A timer trigger started this job</shortDescription>
            </cause>
        </action>
        <building>false</building>
        <duration>17110497</duration>
        <fullDisplayName>FindBugs #58</fullDisplayName>
        <keepLog>false</keepLog>
        <number>58</number>
        <result>SUCCESS</result>
        <timestamp>1235099035000</timestamp>
        <url>http://deadlock.netbeans.org/hudson/job/FindBugs/58/</url>
        <builtOn/>
    </build>
    <build>
        <action>
            <cause>
                <shortDescription>A timer trigger started this job</shortDescription>
            </cause>
        </action>
        <building>false</building>
        <duration>20619253</duration>
        <fullDisplayName>FindBugs #57</fullDisplayName>
        <keepLog>false</keepLog>
        <number>57</number>
        <result>SUCCESS</result>
        <timestamp>1235008887000</timestamp>
        <url>http://deadlock.netbeans.org/hudson/job/FindBugs/57/</url>
        <builtOn/>
    </build>
    <build>
        <action>
            <cause>
                <shortDescription>A timer trigger started this job</shortDescription>
            </cause>
        </action>
        <building>false</building>
        <duration>15276645</duration>
        <fullDisplayName>FindBugs #56</fullDisplayName>
        <keepLog>false</keepLog>
        <number>56</number>
        <result>SUCCESS</result>
        <timestamp>1234922486000</timestamp>
        <url>http://deadlock.netbeans.org/hudson/job/FindBugs/56/</url>
        <builtOn/>
    </build>
    <build>
        <action>
            <cause>
                <shortDescription>A timer trigger started this job</shortDescription>
            </cause>
        </action>
        <building>false</building>
        <duration>15011749</duration>
        <fullDisplayName>FindBugs #55</fullDisplayName>
        <keepLog>false</keepLog>
        <number>55</number>
        <result>SUCCESS</result>
        <timestamp>1234836086000</timestamp>
        <url>http://deadlock.netbeans.org/hudson/job/FindBugs/55/</url>
        <builtOn/>
    </build>
    <build>
        <action>
            <cause>
                <shortDescription>A timer trigger started this job</shortDescription>
            </cause>
        </action>
        <building>false</building>
        <duration>16641168</duration>
        <fullDisplayName>FindBugs #54</fullDisplayName>
        <keepLog>false</keepLog>
        <number>54</number>
        <result>SUCCESS</result>
        <timestamp>1234749686000</timestamp>
        <url>http://deadlock.netbeans.org/hudson/job/FindBugs/54/</url>
        <builtOn/>
    </build>
    <build>
        <action>
            <cause>
                <shortDescription>A timer trigger started this job</shortDescription>
            </cause>
        </action>
        <building>false</building>
        <duration>15749965</duration>
        <fullDisplayName>FindBugs #53</fullDisplayName>
        <keepLog>false</keepLog>
        <number>53</number>
        <result>SUCCESS</result>
        <timestamp>1234663286000</timestamp>
        <url>http://deadlock.netbeans.org/hudson/job/FindBugs/53/</url>
        <builtOn/>
    </build>
    <build>
        <action>
            <cause>
                <shortDescription>A timer trigger started this job</shortDescription>
            </cause>
        </action>
        <building>false</building>
        <duration>15005271</duration>
        <fullDisplayName>FindBugs #52</fullDisplayName>
        <keepLog>false</keepLog>
        <number>52</number>
        <result>SUCCESS</result>
        <timestamp>1234576886000</timestamp>
        <url>http://deadlock.netbeans.org/hudson/job/FindBugs/52/</url>
        <builtOn/>
    </build>
    <build>
        <building>false</building>
        <duration>15358125</duration>
        <fullDisplayName>FindBugs #51</fullDisplayName>
        <keepLog>false</keepLog>
        <number>51</number>
        <result>SUCCESS</result>
        <timestamp>1234490464000</timestamp>
        <url>http://deadlock.netbeans.org/hudson/job/FindBugs/51/</url>
        <builtOn/>
    </build>
    <build>
        <building>false</building>
        <duration>16282881</duration>
        <fullDisplayName>FindBugs #50</fullDisplayName>
        <keepLog>false</keepLog>
        <number>50</number>
        <result>SUCCESS</result>
        <timestamp>1234404064000</timestamp>
        <url>http://deadlock.netbeans.org/hudson/job/FindBugs/50/</url>
        <builtOn/>
    </build>
    <build>
        <building>false</building>
        <duration>14749719</duration>
        <fullDisplayName>FindBugs #49</fullDisplayName>
        <keepLog>false</keepLog>
        <number>49</number>
        <result>SUCCESS</result>
        <timestamp>1234317664000</timestamp>
        <url>http://deadlock.netbeans.org/hudson/job/FindBugs/49/</url>
        <builtOn/>
    </build>
    <build>
        <building>false</building>
        <duration>15371988</duration>
        <fullDisplayName>FindBugs #48</fullDisplayName>
        <keepLog>false</keepLog>
        <number>48</number>
        <result>SUCCESS</result>
        <timestamp>1234231264000</timestamp>
        <url>http://deadlock.netbeans.org/hudson/job/FindBugs/48/</url>
        <builtOn/>
    </build>
    <build>
        <building>false</building>
        <duration>16106372</duration>
        <fullDisplayName>FindBugs #47</fullDisplayName>
        <keepLog>false</keepLog>
        <number>47</number>
        <result>SUCCESS</result>
        <timestamp>1234144864000</timestamp>
        <url>http://deadlock.netbeans.org/hudson/job/FindBugs/47/</url>
        <builtOn/>
    </build>
    <build>
        <building>false</building>
        <duration>15127294</duration>
        <fullDisplayName>FindBugs #46</fullDisplayName>
        <keepLog>false</keepLog>
        <number>46</number>
        <result>SUCCESS</result>
        <timestamp>1234058464000</timestamp>
        <url>http://deadlock.netbeans.org/hudson/job/FindBugs/46/</url>
        <builtOn/>
    </build>
    <build>
        <building>false</building>
        <duration>16296300</duration>
        <fullDisplayName>FindBugs #45</fullDisplayName>
        <keepLog>false</keepLog>
        <number>45</number>
        <result>SUCCESS</result>
        <timestamp>1233972064000</timestamp>
        <url>http://deadlock.netbeans.org/hudson/job/FindBugs/45/</url>
        <builtOn/>
    </build>
    <build>
        <building>false</building>
        <duration>15461898</duration>
        <fullDisplayName>FindBugs #44</fullDisplayName>
        <keepLog>false</keepLog>
        <number>44</number>
        <result>SUCCESS</result>
        <timestamp>1233885719000</timestamp>
        <url>http://deadlock.netbeans.org/hudson/job/FindBugs/44/</url>
        <builtOn/>
    </build>
    <build>
        <building>false</building>
        <duration>17837384</duration>
        <fullDisplayName>FindBugs #43</fullDisplayName>
        <keepLog>false</keepLog>
        <number>43</number>
        <result>SUCCESS</result>
        <timestamp>1233799341000</timestamp>
        <url>http://deadlock.netbeans.org/hudson/job/FindBugs/43/</url>
        <builtOn/>
    </build>
    <build>
        <building>false</building>
        <duration>19466628</duration>
        <fullDisplayName>FindBugs #42</fullDisplayName>
        <keepLog>false</keepLog>
        <number>42</number>
        <result>SUCCESS</result>
        <timestamp>1233718231000</timestamp>
        <url>http://deadlock.netbeans.org/hudson/job/FindBugs/42/</url>
        <builtOn/>
    </build>
    <build>
        <action/>
        <building>false</building>
        <duration>9673081</duration>
        <fullDisplayName>FindBugs #35</fullDisplayName>
        <keepLog>false</keepLog>
        <number>35</number>
        <result>SUCCESS</result>
        <timestamp>1194314548000</timestamp>
        <url>http://deadlock.netbeans.org/hudson/job/FindBugs/35/</url>
        <builtOn/>
    </build>
    <build>
        <action/>
        <building>false</building>
        <duration>10979169</duration>
        <fullDisplayName>FindBugs #34</fullDisplayName>
        <keepLog>false</keepLog>
        <number>34</number>
        <result>SUCCESS</result>
        <timestamp>1194228155000</timestamp>
        <url>http://deadlock.netbeans.org/hudson/job/FindBugs/34/</url>
        <builtOn/>
    </build>
</builds>