<?xml version="1.0" encoding="UTF-8"?>
<project xmlns="http://www.netbeans.org/ns/project/1">
    <type>org.netbeans.modules.javafx.project</type>
    <configuration>
        <data xmlns="http://www.netbeans.org/ns/javafx-project/3">
            <name>Sphere</name>
            <minimum-ant-version>1.6.5</minimum-ant-version>
            <source-roots>
                <root id="src.test.dir" name="Test Packages"/>
                <root id="src.dir"/>
            </source-roots>
        </data>
    </configuration>
</project>
