<?xml version="1.0" encoding="UTF-8"?>
<project xmlns="http://www.netbeans.org/ns/project/1">
    <type>org.netbeans.modules.javafx.project</type>
    <configuration>
        <data xmlns="http://www.netbeans.org/ns/javafx-project/3">
            <name>JFXtras</name>
            <minimum-ant-version>1.6.5</minimum-ant-version>
            <source-roots>
                <!-- DA - The required source directory names from project.properties -->
            </source-roots>
        </data>
        <references xmlns="http://www.netbeans.org/ns/ant-project-references/1">
            <reference>
                <foreign-project>JFXtras_Controls</foreign-project>
                <artifact-type>jar</artifact-type>
                <script>build.xml</script>
                <target>jar</target>
                <clean-target>clean</clean-target>
                <id>jar</id>
            </reference>
            <reference>
                <foreign-project>JFXtras_Core</foreign-project>
                <artifact-type>jar</artifact-type>
                <script>build.xml</script>
                <target>jar</target>
                <clean-target>clean</clean-target>
                <id>jar</id>
            </reference>
        </references>
    </configuration>
</project>
